{"cameraMode":{"drawMode":0,"name":"Shaded","section":"Shading Mode"},"sceneLighting":true,"audioPlay":false,"sceneViewState":{"showFog":true,"showMaterialUpdate":false,"showSkybox":true,"showFlares":true,"showImageEffects":true,"showParticleSystems":true},"in2DMode":false,"pivot":{"x":-22.103300094604493,"y":-6.074424743652344,"z":62.15669250488281},"rotation":{"x":-0.0478161945939064,"y":0.9521381258964539,"z":-0.21823135018348695,"w":-0.20862045884132386},"size":115.04510498046875,"orthographic":false}