{"cameraMode":{"drawMode":0,"name":"Shaded","section":"Shading Mode"},"sceneLighting":true,"audioPlay":false,"sceneViewState":{"showFog":true,"showMaterialUpdate":false,"showSkybox":true,"showFlares":true,"showImageEffects":true,"showParticleSystems":true},"in2DMode":false,"pivot":{"x":56.93006134033203,"y":-30.83570098876953,"z":134.02976989746095},"rotation":{"x":-0.21400605142116548,"y":-0.17560839653015138,"z":0.039142243564128879,"w":-0.9601221084594727},"size":88.75953674316406,"orthographic":false}